gender,email,phone,cell,nat,name.title,name.first,name.last,location.street.number,location.street.name,location.city,location.state,location.country,location.postcode,location.coordinates.latitude,location.coordinates.longitude,location.timezone.offset,location.timezone.description,login.uuid,login.username,login.password,login.salt,login.md5,login.sha1,login.sha256,dob.date,dob.age,registered.date,registered.age,id.name,id.value,picture.large,picture.medium,picture.thumbnail,Temperatura,Presion_Sistolica,Presion_Diastolica,Frecuencia_Cardiaca,Estado
female,jessica.lewis@example.com,(204)-876-9974,(693)-285-2445,NZ,Ms,Jessica,Lewis,5419,Bairds Road,Christchurch,Nelson,New Zealand,96282,53.5444,103.3582,-11:00,"Midway Island, Samoa",77b08017-fb17-4b76-ae65-7467a407dbaf,greenkoala340,godzilla,QgBTDBy4,4745dfd6dcfe58353e17108027d09fbf,bee6ce5d365fc5b9daf3f15433773d060a565b4a,7ce6c1f069c73b3d6fae71a63ecd78101fa93e798ecbed0ba4c6dbd8d8050b27,1966-12-02T06:30:06.224Z,58,2012-01-17T21:48:34.894Z,13,,,https://randomuser.me/api/portraits/women/63.jpg,https://randomuser.me/api/portraits/med/women/63.jpg,https://randomuser.me/api/portraits/thumb/women/63.jpg,36.948357076505616,134.65648768921554,83.69233289997705,71.16660609723768,NORMAL
male,aalyrd.aalyzdh@example.com,086-49052428,0914-709-3351,IR,Mr,علیرضا,علیزاده,8948,شهید دکتر آیت,پاکدشت,گلستان,Iran,81454,83.6813,87.1756,+3:30,Tehran,79f53d83-7789-41a7-9e6d-ec3e2f7dc8df,whitesnake416,smooth,m5i8E1XI,553e3cfa651c2a017621682109076ba3,2558b15a1cd14ab1282a897c9c615e289d294e02,ecb37bfc2f717ca4880c9092fc3d443ff65a132e66b68adb77cd82dbfbb05a70,1987-06-15T20:17:01.047Z,38,2019-05-26T21:33:51.521Z,6,,,https://randomuser.me/api/portraits/men/53.jpg,https://randomuser.me/api/portraits/med/men/53.jpg,https://randomuser.me/api/portraits/thumb/men/53.jpg,36.63086784941441,117.74223699513465,80.85684140594985,73.51472818668947,NORMAL
male,tom.gonzales@example.com,07-9825-9993,0480-973-189,AU,Mr,Tom,Gonzales,183,Miller Ave,Coffs Harbour,New South Wales,Australia,9881,61.6538,-53.3533,-12:00,"Eniwetok, Kwajalein",cd8db7f0-9374-4d26-b1f5-59204e500843,brownsnake111,adults,KfCp4dTP,cf27739af8cac840212b2c2aa36f52c5,d2615d7b120120a9b1389ba97f33a8dc58f55198,78a6a0ab07e1ca66ab1b4f3f6bb988a6fed7e5e748ad6cbb8f79b6bee5ff6431,1973-02-27T18:45:29.955Z,52,2010-08-26T08:36:41.983Z,15,TFN,930272232,https://randomuser.me/api/portraits/men/29.jpg,https://randomuser.me/api/portraits/med/men/29.jpg,https://randomuser.me/api/portraits/thumb/men/29.jpg,37.02384426905035,120.67528204687923,79.4217585880588,66.14932020795177,NORMAL
female,sabine.souza@example.com,(56) 9558-8110,(24) 7111-9548,BR,Mrs,Sabine,Souza,932,Rua São Pedro ,Bacabal,Rio Grande do Sul,Brazil,71348,-0.7503,30.5562,+4:30,Kabul,174e1ba1-4d08-464b-ad39-eff5d0fc52df,greenbird885,tenchi,NQBH2OG0,aa14b31cce413cac5a2b83331d1ed53a,539ad6449675ad1ad36ea84564ed83baa6bb5b49,b878236a7f8f8b59bc07717655895a8140c519c0ac27de517956e9e13f360f55,1948-12-21T05:49:13.292Z,76,2002-09-24T19:21:00.451Z,23,CPF,441.874.596-47,https://randomuser.me/api/portraits/women/62.jpg,https://randomuser.me/api/portraits/med/women/62.jpg,https://randomuser.me/api/portraits/thumb/women/62.jpg,37.46151492820402,105.75251813786544,78.49448152205356,65.43034700735464,NORMAL
male,david.fournier@example.com,04-65-57-70-81,06-66-34-06-81,FR,Mr,David,Fournier,2555,Rue Baraban,Aix-En-Provence,Loire-Atlantique,France,38601,73.3188,-41.8541,-6:00,"Central Time (US & Canada), Mexico City",13b3344f-08df-4aa1-91ba-ab68da8fe61d,ticklishladybug574,atlantis,0tD33MG8,01df9cd8d92740c9240de9251854848a,4f3694e6999ea81136cc1089ba0202d6e0e1a626,01f4ba86b7999507a7158eb6528ca5a2176e992b8e09c6f8421daf3ce3b0e236,1970-02-04T02:15:30.139Z,55,2022-02-06T23:55:28.958Z,3,INSEE,1700102471895 81,https://randomuser.me/api/portraits/men/62.jpg,https://randomuser.me/api/portraits/med/men/62.jpg,https://randomuser.me/api/portraits/thumb/men/62.jpg,36.582923312638336,114.55617275474818,72.60739004816287,81.50020657915358,NORMAL
female,ellen.wirtanen@example.com,04-661-654,045-512-81-54,FI,Mrs,Ellen,Wirtanen,1399,Nordenskiöldinkatu,Pälkäne,Satakunta,Finland,66997,-76.2939,-170.8358,0:00,"Western Europe Time, London, Lisbon, Casablanca",a89f98de-2214-47c1-b2e8-6e772db68f97,heavywolf794,orange,TA8nkTNg,d9b7a6a5a9487d93911e3189b8393c4e,33f43ff05e603a9368db4b943412308d07e6c1dc,9fb1dbcbde10af31662971ec42ae6810b5c4dec4c6daf6ba1d868465a062c02a,1977-04-05T16:19:01.139Z,48,2002-08-31T13:55:26.521Z,23,HETU,NaNNA748undefined,https://randomuser.me/api/portraits/women/65.jpg,https://randomuser.me/api/portraits/med/women/65.jpg,https://randomuser.me/api/portraits/thumb/women/65.jpg,36.58293152152541,121.10922589709867,76.40077895802645,85.84992022856659,NORMAL
male,troy.hart@example.com,(889) 324-1778,(529) 495-8136,US,Mr,Troy,Hart,8771,Plum St,Santa Rosa,Indiana,United States,60066,36.1868,-33.0498,-4:00,"Atlantic Time (Canada), Caracas, La Paz",23534609-5f47-4eea-8f1d-787f9ca88bb1,silvercat414,angel,9GnM5uXT,f8d28bad1ac04f7f068fd15d6b55f62e,94799304e2b6d941185795ff85b0014ce9f5da9a,db30da33e6dec496895f2b6368c76bc91b6887804e85be194e3ecf583ca0bcf4,1997-02-28T21:07:39.540Z,28,2009-07-05T15:07:21.160Z,16,SSN,535-55-6841,https://randomuser.me/api/portraits/men/24.jpg,https://randomuser.me/api/portraits/med/men/24.jpg,https://randomuser.me/api/portraits/thumb/men/24.jpg,37.4896064077537,108.49006422577698,77.69680614520107,74.42391902735733,NORMAL
female,jelena.stanojevic@example.com,015-6013-971,060-3683-307,RS,Ms,Jelena,Stanojević,8853,Lipovačka,Sombor,Srem,Serbia,83585,55.9063,-127.6188,+3:30,Tehran,ba661ad1-047b-41ee-9582-f9727baab6f3,heavybird133,demons,p6ALrbrf,88b48d63b8cd434777441950f248f70d,42ffe42b20edc95851baee210cd74a42dad52a13,dee8e2589e5a56ae21830303588cdf00d0fd2688c7fa5c1266cd85e64533aeab,1971-06-29T11:51:31.844Z,54,2017-04-05T18:46:39.328Z,8,SID,081195461,https://randomuser.me/api/portraits/women/0.jpg,https://randomuser.me/api/portraits/med/women/0.jpg,https://randomuser.me/api/portraits/thumb/women/0.jpg,37.08371736457646,123.75698018345672,85.28561113109458,83.02826318313619,NORMAL
female,byt.rdyy@example.com,033-10526473,0934-403-7938,IR,Ms,بیتا,رضایی,746,میدان شهید نامجو,ساوه,مرکزی,Iran,86624,-59.1016,82.6592,+2:00,"Kaliningrad, South Africa",a1a7ec90-a49a-42a8-a981-4d187b7df2f5,whitedog655,august,tMiDL3Co,267b0e4a5a87cbe9832294d9101120dc,374f01e13a8661d72647add246ecb793624d140e,fe58c9495fbf19cae73b6810fbb4d77824c61dcf7dd177660d8539bb8481dbc5,1989-08-14T21:13:03.249Z,36,2021-02-08T20:27:52.826Z,4,,,https://randomuser.me/api/portraits/women/37.jpg,https://randomuser.me/api/portraits/med/women/37.jpg,https://randomuser.me/api/portraits/thumb/women/37.jpg,36.46526280703252,113.99361310081196,81.71809144784231,77.89308820038107,NORMAL
female,thn.njty@example.com,099-03474767,0980-863-4232,IR,Mrs,ثنا,نجاتی,9632,موحد دانش,شهریار,خراسان جنوبی,Iran,45490,-39.8660,135.7563,-12:00,"Eniwetok, Kwajalein",ac48f839-e5cb-41c2-9e53-dee3362ccd74,blueleopard727,camels,qD2VQFso,3212450671a4ea543a320232824d95b6,bf70ce8501d043783bc2eba1b4a519bbfdf823aa,0b6a126f029b957d447c0eda583fab6a430ddf96695118f5a0df91efafd390d7,1992-12-02T21:19:09.916Z,32,2006-12-21T05:49:59.147Z,18,,,https://randomuser.me/api/portraits/women/95.jpg,https://randomuser.me/api/portraits/med/women/95.jpg,https://randomuser.me/api/portraits/thumb/women/95.jpg,36.971280021792985,117.08306250206724,71.18479922318633,69.839041963159,NORMAL
male,kenan.alyanak@example.com,(103)-335-3683,(827)-149-6234,TR,Mr,Kenan,Alyanak,5028,Istiklal Cd,Yalova,Osmaniye,Turkey,11301,84.5141,-72.0944,+3:30,Tehran,f9d35a95-889a-4d62-9f5c-f9e6cdd4e694,orangetiger912,piazza,cvid7mL0,9ad9a72386e4aee02fbe147b83a22613,e7e645e08e5cc871c5e867ca92e31e11ab4e701b,5c59d97114b7489d091401265a304b0d827a889d4064bbdd6d55acda55c186b9,1952-12-14T19:20:34.374Z,72,2002-04-24T10:46:48.176Z,23,,,https://randomuser.me/api/portraits/men/70.jpg,https://randomuser.me/api/portraits/med/men/70.jpg,https://randomuser.me/api/portraits/thumb/men/70.jpg,36.468291153593775,113.98293387770603,81.62041984697397,77.8911648440673,NORMAL
female,filippa.johansen@example.com,47300663,06827504,DK,Ms,Filippa,Johansen,2430,Hasselvej,Rønnede,Sjælland,Denmark,45913,-85.3746,-77.9292,+5:00,"Ekaterinburg, Islamabad, Karachi, Tashkent",147007b0-29a0-415f-b105-ae551b1c22f8,goldenmeercat161,hack,RcqznibM,3cb3b152e56ce41e9d46c27e19b2283a,75a3813105d19c4c77610a10aa161335b4871e2a,7ac29b905088d07bc4504bb42be8518488926e0600c3c1f6fcd0e26f4b2121d8,1972-10-08T04:50:20.582Z,53,2005-03-07T15:13:53.644Z,20,CPR,071072-1803,https://randomuser.me/api/portraits/women/56.jpg,https://randomuser.me/api/portraits/med/women/56.jpg,https://randomuser.me/api/portraits/thumb/women/56.jpg,36.467135123214874,138.52278184508938,78.07458859791842,87.30429253172775,NORMAL
female,victoria.lo@example.com,U92 L87-5124,P66 C23-2497,CA,Ms,Victoria,Lo,238,Bay Ave,Stratford,Nova Scotia,Canada,X8N 0A8,-6.3324,57.7567,-9:00,Alaska,19942e81-c8ad-45a2-b9e7-31e29ce65620,heavygoose372,priest,4OIkJ5BO,dff91efc7b33f36f142620cb09f91770,ba97223d3f913e9eab1e6f6c875e7a43b7e3e16f,0f037adf2c3836bf66be037592f773487cd3660d94fb962776e9d652fe96407e,1960-12-17T18:48:05.923Z,64,2021-10-05T16:47:02.298Z,4,SIN,001836485,https://randomuser.me/api/portraits/women/3.jpg,https://randomuser.me/api/portraits/med/women/3.jpg,https://randomuser.me/api/portraits/thumb/women/3.jpg,36.82098113578302,119.86502775262066,76.6153899984702,74.71339168712039,NORMAL
male,jorge.rojas@example.com,996-268-219,643-340-592,ES,Mr,Jorge,Rojas,217,Calle Nebrija,Córdoba,Andalucía,Spain,58006,12.1812,-86.0572,0:00,"Western Europe Time, London, Lisbon, Casablanca",a6c54670-5be5-4c98-9b90-fa94647dca84,smallkoala794,quentin,Ipfe5uCc,f8d5a4533c5d76f396ec424a47822b74,fa8bf765ba62f3b508a7ff697a71b235a393b402,04428b3e111b9ebff6aed266ad66fdb23b8b4b95840624e36c363a43a979e723,1953-06-28T02:09:45.151Z,72,2020-05-15T18:56:34.307Z,5,DNI,27593927-Z,https://randomuser.me/api/portraits/men/42.jpg,https://randomuser.me/api/portraits/med/men/42.jpg,https://randomuser.me/api/portraits/thumb/men/42.jpg,35.743359877671104,109.422890710441,83.05838144420434,87.51714924651205,NORMAL
female,adryn.jaafry@example.com,070-97434441,0977-884-5542,IR,Ms,آدرینا,جعفری,3090,آیت الله کاشانی,قدس,هرمزگان,Iran,74432,-47.3389,-109.9920,+11:00,"Magadan, Solomon Islands, New Caledonia",38bd3ffe-057b-47ba-8c1d-a67444e18198,tinysnake670,matthew1,7xH583yj,b9d3a4d0814e9abf0c684590dbad4c8a,3db9fcc07778e3ec803082564af31797a77e613a,86054297ffdd4a7512225a21399fd5d6307ba6d84c3b1d7ef644f07762fb74cf,1980-07-10T08:16:31.205Z,45,2012-01-12T22:06:42.709Z,13,,,https://randomuser.me/api/portraits/women/83.jpg,https://randomuser.me/api/portraits/med/women/83.jpg,https://randomuser.me/api/portraits/thumb/women/83.jpg,35.83754108374349,128.2254491210319,85.15499761247976,54.04203916728204,NORMAL
male,kenneth.perez@example.com,09-7017-6922,0470-336-686,AU,Mr,Kenneth,Perez,2736,Mockingbird Ln,Queanbeyan,Tasmania,Australia,712,-7.3653,166.2321,+11:00,"Magadan, Solomon Islands, New Caledonia",f00520f3-9fb8-4ee2-8b21-45596ad5d4c2,silvertiger445,woodman,SK3WtD0N,dccffba6d20d76ed6644ef801c874b29,6aa76c6de08454c433046d1cad5281b7cf513fe0,b2769260992947dad7c23d9fd9b83ef3db892849f5f3746971e6217aa25337b1,1999-08-20T13:08:32.249Z,26,2008-08-20T12:43:43.431Z,17,TFN,732549314,https://randomuser.me/api/portraits/men/4.jpg,https://randomuser.me/api/portraits/med/men/4.jpg,https://randomuser.me/api/portraits/thumb/men/4.jpg,36.418856235379515,107.79156350028978,84.65640059558099,81.57522003500179,NORMAL
female,melina.borch@example.com,35187802,98242106,NO,Mrs,Melina,Borch,9326,Welhavens gate,Hemnes,Troms - Romsa,Norway,0180,-9.0438,162.5501,+4:30,Kabul,94573d44-db34-4bc6-b046-320965917296,tinyswan687,eagle,MdkKn5Jo,275b567a0c49ef131a8c7a360a9d6094,8c5e782fee2ae73d51c4c4beb272777b586f2913,f3f0bf4830119334ae57e157111a0c64c894a5849c60e165e36369e3cecf7a7d,1952-03-29T17:27:02.814Z,73,2022-02-21T01:07:59.102Z,3,FN,29035201082,https://randomuser.me/api/portraits/women/30.jpg,https://randomuser.me/api/portraits/med/women/30.jpg,https://randomuser.me/api/portraits/thumb/women/30.jpg,36.19358443983279,122.08863595004756,75.80391238388681,75.69637654590537,NORMAL
female,diane.morin@example.com,02-38-21-54-68,06-20-76-20-27,FR,Ms,Diane,Morin,6576,Avenue de l'Abbé-Roussel,Rouen,Yonne,France,55367,37.1824,-62.3131,+1:00,"Brussels, Copenhagen, Madrid, Paris",00aa60be-4c80-462c-852f-f9c103d74ea8,lazysnake609,jughead,gukOqs4I,196ec4b481c24f9999891e96a4dadf44,dc9e4fb20c62e90014b8bef2467f828b82c03389,5f31db4c5bda7a0898dc876d975130a5c0b37983d6cbfc76c7e45c28022736b8,1979-09-30T06:09:15.535Z,46,2004-07-18T01:21:41.922Z,21,INSEE,2790872011231 54,https://randomuser.me/api/portraits/women/82.jpg,https://randomuser.me/api/portraits/med/women/82.jpg,https://randomuser.me/api/portraits/thumb/women/82.jpg,36.85712366629764,100.40329876120225,78.45393812074393,72.60794119627306,NORMAL
female,eva.denys@example.com,T15 R04-5204,W69 F63-7292,CA,Mrs,Eva,Denys,1951,York St,Cumberland,Yukon,Canada,Y9E 2V9,-60.0163,26.1597,-4:00,"Atlantic Time (Canada), Caracas, La Paz",e7ab7544-f0ce-447d-8823-799913647fb3,redkoala598,herring,4Od1dyLR,d2cc8fcf1b8dc6edaa708a88f0eded04,adc1a8da9459f2447e89b9feeb74c0cdc3c02880,8340c609f53e67d60d000832637a85e08edaaa37f6043c38ecbb30af1ee265b5,1967-03-04T15:04:53.476Z,58,2003-09-25T19:05:31.305Z,22,SIN,685607533,https://randomuser.me/api/portraits/women/25.jpg,https://randomuser.me/api/portraits/med/women/25.jpg,https://randomuser.me/api/portraits/thumb/women/25.jpg,36.2459879622394,106.71813951101569,81.65631715701782,75.73408621228401,NORMAL
female,melodie.ambrose@example.com,J51 R01-4527,P65 B98-9119,CA,Mrs,Melodie,Ambrose,3550,Brock Rd,Beaumont,Québec,Canada,X6R 4B4,53.8472,-36.4734,+4:00,"Abu Dhabi, Muscat, Baku, Tbilisi",c279b2e4-6d70-4bfe-801d-5a6d9ec800d5,sadbutterfly803,jasmin,kKEoArMt,14c0315ab32bf9bd90cb343ff29bc89a,c5e8ce06ec98cc9ccce83f98e69ad0478e829040,8fb4db203fee5d8dadb514d85edabcebfd68734c729177872dea1119c6f16f05,2000-07-02T09:22:35.113Z,25,2006-04-02T06:35:38.834Z,19,SIN,066752940,https://randomuser.me/api/portraits/women/20.jpg,https://randomuser.me/api/portraits/med/women/20.jpg,https://randomuser.me/api/portraits/thumb/women/20.jpg,35.99384814933236,121.96861235869123,84.8777256356118,59.09944868319286,NORMAL
